10,564891,Gandhali,Shastri,417  Summit blvd   no. 5.,417  Summit blvd   no. 5.,6825546612,pic.jpg,0,2019-04-21,S,Active
11,564892,Eva,Shaz,417  Summit blvd   no. 6,417  Summit blvd   no. 6,6825546613,pic1.jpg,0,2019-04-21,S,Active
12,564893,Sid,Loha,417  Summit blvd   no. 7,417  Summit blvd   no. 7,6825546614,pic2.jpg,0,2010-01-21,S,Active
13,564894,Ishaan,Mehra,417  Summit blvd   no. 8,417  Summit blvd   no. 8,6825546615,pic3.jpg,0,2019-04-21,S,Active
14,564895,Dhruvi,Shah,417  Summit blvd   no. 9,417  Summit blvd   no. 9,6825546616,pic4.jpg,0,2011-04-21,S,Active
15,564896,Aashna,Singh,720 Benge dr  UTA,Meadow run  UTA  apt - 10,6825546617,pic5.jpg,0,2019-08-21,M,Active
16,564897,Peter,Parker,500  e street  block 11,Meadow run  UTA  apt - 11,6825546618,pic6.jpg,0,2019-04-21,M,Active
17,564898,Sankha,Das,720 Benge dr  UTA,Meadow run  UTA  apt - 12,6825546619,pic7.jpg,0,2019-04-21,M,Active
18,564899,Damon,Salva,500  e street  block 12,720 Benge dr  UTA  56,6825546620,pic8.jpg,0,2011-05-21,M,Active
19,564900,Ian,Sommer,720 Benge dr  UTA,Meadow run  UTA  apt - 14,6825546621,img5.jpg,0,2019-04-21,M,Active
20,564901,Elena,Cruz,500  e street  block 14,720 Benge dr  UTA,6825546622,img54.jpg,0,2019-04-21,M,Active
21,564902,Anish,Rai,500  e street  block 20,Meadow run  UTA  apt - 16,6825546623,img58.jpg,0,2019-06-21,M,Active
22,564903,Shambhavi,Jha,720 Benge dr  UTA,720 Benge dr  UTA,6825546624,pic45.jpg,0,2013-04-21,M,Active
23,564904,Mandar,Kanit,417  Summit blvd   no. 18,417  Summit blvd   no. 18,6825546625,pic46.jpg,0,2019-04-21,P,Active
24,564905,Honey,Salve,417  Summit blvd   no. 19,417  Summit blvd   no. 19,6825546626,pic47.jpg,0,2019-04-21,P,Active
25,564906,Jon,snow,417  Summit blvd   no. 20,417  Summit blvd   no. 20,6825546627,pic14.jpg,0,2009-04-21,P,Active
